Date,Minimum temperature (째C),Maximum temperature (째C),Rainfall (mm),Evaporation (mm),Sunshine (hours),Direction of maximum wind gust ,Speed of maximum wind gust (km/h),Time of maximum wind gust,9am Temperature (째C),9am relative humidity (%),9am cloud amount (oktas),9am wind direction,9am wind speed (km/h),9am MSL pressure (hPa),3pm Temperature (째C),3pm relative humidity (%),3pm cloud amount (oktas),3pm wind direction,3pm wind speed (km/h),3pm MSL pressure (hPa)
01-08-2023,11.5,14.9,0.0,2.8,1.4,NNW,35.0,02:08,13.3,67,7,W,11,1028.8,14.7,54,7.0,SSW,9,1030.1
02-08-2023,5.8,17.1,0.0,3.0,8.1,N,43.0,14:23,7.9,83,6,NNE,11,1033.9,16.8,50,1.0,N,20,1029.6
03-08-2023,7.8,19.8,0.0,2.6,9.7,N,48.0,12:34,13.5,67,2,N,20,1029.3,19.6,45,1.0,N,22,1024.5
04-08-2023,13.4,18.2,0.0,5.0,3.4,N,61.0,10:32,16.2,55,7,N,22,1022.2,16.1,63,7.0,N,33,1020.2
05-08-2023,9.3,13.6,0.0,2.8,3.0,SSW,26.0,10:45,11.0,65,7,SW,9,1033.5,13.0,57,7.0,SW,7,1033.5
06-08-2023,8.6,13.4,0.0,0.6,0.8,S,20.0,13:12,9.9,91,8,WNW,4,1035.4,12.2,77,7.0,SSW,11,1033.6
07-08-2023,9.0,13.7,0.0,1.4,2.6,SW,19.0,13:06,10.6,84,7, ,Calm,1033.8,13.3,63,7.0,SSW,11,1032.2
08-08-2023,4.7,14.2,0.0,1.0,7.3,SSW,15.0,13:52,6.3,100,7,NE,7,1034.0,13.3,67,1.0,SSW,9,1030.3
09-08-2023,5.5,18.4,0.2,2.4,8.5,0,0.0,0,11.4,74,7,N,13,1027.0,18.2,47,1.0,N,24,1020.9
10-08-2023,10.6,14.5,2.8,4.0,3.5,N,50.0,00:50,11.9,72,3,WNW,11,1019.4,13.8,60,7.0,SW,6,1020.8
11-08-2023,8.2,15.7,0.0,2.8,3.3,NNW,30.0,15:49,12.3,67,6,N,7,1022.7,14.8,51,7.0,NNW,15,1019.8
12-08-2023,11.0,16.0,0.0,3.2,2.2,NNW,33.0,04:39,11.2,78,7,N,13,1019.3,12.9,87,7.0,S,2,1017.2
13-08-2023,7.2,12.9,3.4,2.0,5.9,SSW,24.0,14:54,8.8,96,7,WNW,2,1021.7,11.4,69,7.0,SSW,15,1019.7
14-08-2023,3.4,12.7,0.0,1.0,6.5,SSW,26.0,12:03,5.9,90,7,NE,2,1020.0,12.3,52,6.0,S,11,1018.7
15-08-2023,3.4,13.1,0.0,1.2,9.7,SSW,20.0,14:15,7.4,77,2,NE,6,1024.4,12.7,54,2.0,S,13,1022.8
16-08-2023,1.6,15.8,0.0,2.6,10.2,N,35.0,13:36,5.3,78,0,NE,9,1022.1,15.2,39,1.0,N,17,1016.7
17-08-2023,5.3,12.5,0.0,3.2,0.1,N,44.0,13:25,11.1,61,7,N,15,1012.6,12.1,53,7.0,N,17,1008.1
18-08-2023,8.9,13.5,5.4,2.6,4.0,WSW,37.0,10:57,10.1,77,7,W,13,1005.2,11.9,55,4.0,SSW,17,1009.0
19-08-2023,9.4,18.2,0.2,2.2,4.2,W,35.0,12:19,13.5,76,7,WNW,9,1016.0,17.4,60,7.0,W,13,1016.9
20-08-2023,12.9,19.2,0.0,3.0,7.1,WNW,28.0,04:48,13.5,67,7,NNW,9,1023.6,19.0,41,4.0,W,9,1021.6
21-08-2023,11.5,17.8,0.0,3.0,6.2,N,48.0,12:13,14.6,73,6,N,13,1020.9,16.4,64,6.0,N,24,1016.8
22-08-2023,13.2,14.3,0.0,3.0,0.6,NNW,39.0,01:35,14.3,77,8,W,7,1015.7,11.7,97,8.0,SSW,13,1015.9
23-08-2023,5.6,17.0,3.6,1.4,6.7,NW,24.0,11:05,10.2,70,1,N,9,1026.0,15.9,50,5.0,W,7,1025.1
24-08-2023,8.6,17.9,0.0,2.2,10.1,N,39.0,14:20,11.4,72,5,N,9,1028.8,16.8,48,4.0,N,22,1024.6
25-08-2023,11.1,19.8,0.0,3.8,7.8,N,39.0,07:38,13.7,63,6,N,15,1026.5,18.6,43,6.0,S,9,1025.0
26-08-2023,11.1,15.5,0.0,2.8,0.4,SSE,22.0,04:27,12.1,65,7,ESE,9,1030.4,14.6,62,7.0,SW,7,1027.1
27-08-2023,8.9,15.7,0.0,1.6,6.5,SSW,20.0,13:44,10.6,77,7, ,Calm,1028.0,15.3,67,4.0,SW,9,1024.3
28-08-2023,9.5,16.6,0.0,1.8,5.5,SW,20.0,13:47,11.8,93,8, ,Calm,1023.8,14.9,77,1.0,SSW,11,1020.7
29-08-2023,10.8,18.4,0.2,2.8,1.3,N,41.0,18:12,16.6,66,7,N,15,1017.0,17.5,66,7.0,N,17,1013.6
30-08-2023,12.7,14.9,3.8,3.8,2.7,N,44.0,02:19,12.8,100,7,SW,6,1011.7,12.1,84,7.0,W,13,1013.5
31-08-2023,6.9,15.8,2.8,1.4,5.8,SSW,39.0,15:51,11.4,73,3,NNW,11,1018.8,13.7,84,7.0,SW,13,1018.0
01-09-2023,9.8,14.8,1.8,1.8,4.3,S,28.0,14:18,11.6,90,7,WSW,7,1025.3,14.4,56,5.0,SSW,17,1023.9
02-09-2023,3.9,15.8,0.0,2.6,10.2,SW,22.0,14:17,8.4,76,1,NE,6,1024.4,14.4,62,7.0,SW,13,1020.0
03-09-2023,6.0,20.4,0.0,3.0,10.0,N,35.0,14:23,10.8,79,0,NNE,9,1020.1,20.2,41,1.0,N,17,1014.0
04-09-2023,9.7,21.6,0.0,5.4,4.3,N,69.0,11:21,18.8,39,6,N,13,1005.4,20.7,41,7.0,N,19,1002.1
05-09-2023,6.7,15.1,2.8,4.6,6.2,NW,48.0,10:52,10.5,72,6,NNW,15,1011.7,14.3,46,4.0,WSW,9,1014.3
06-09-2023,6.1,19.4,0.2,4.4,10.3,NNW,54.0,11:08,11.8,52,1,N,20,1018.5,18.9,41,5.0,N,26,1014.2
07-09-2023,10.7,22.1,0.0,8.4,4.9,N,63.0,16:20,17.1,45,2,N,20,1009.6,21.1,33,6.0,N,22,1001.8
08-09-2023,8.4,11.7,4.0,3.8,0.0,NNW,70.0,10:21,11.2,60,7,NNW,19,1005.0,11.5,62,7.0,WNW,17,1013.3
09-09-2023,6.8,13.9,0.8,2.2,7.9,SSW,35.0,10:58,10.0,61,1,W,13,1027.9,10.6,75,4.0,S,15,1027.2
10-09-2023,10.0,14.9,1.0,2.8,1.0,SW,24.0,09:45,12.0,71,7,WNW,7,1031.8,14.1,62,8.0,S,11,1031.3
11-09-2023,8.3,17.2,0.0,2.8,5.5,SSW,19.0,11:53,12.9,74,1,W,2,1033.9,16.2,54,6.0,SSW,9,1031.5
12-09-2023,10.2,23.3,0.0,1.2,9.0,NW,28.0,11:29,15.9,57,7,NE,9,1029.9,22.3,33,2.0,S,9,1026.2
13-09-2023,9.2,25.1,0.0,4.2,10.1,NW,20.0,11:58,15.3,64,7,NNE,6,1028.3,24.7,33,7.0, ,Calm,1025.2
14-09-2023,10.5,23.9,0.0,4.2,8.2,N,44.0,13:58,18.4,63,7,N,17,1026.5,23.3,37,7.0,N,20,1022.3
15-09-2023,15.1,22.4,0.0,8.0,10.0,N,41.0,00:08,18.5,48,5,WNW,4,1020.9,20.7,43,1.0,SSW,13,1018.3
16-09-2023,9.6,25.0,0.0,7.8,11.0,NNW,48.0,14:43,17.8,51,0,N,17,1019.8,24.3,32,1.0,NNW,24,1015.2
17-09-2023,12.6,23.1,0.0,6.6,10.1,NNW,30.0,10:26,18.4,54,1,NW,9,1021.4,22.2,43,3.0,S,11,1018.0
18-09-2023,13.7,21.9,0.0,5.6,3.9,SSW,26.0,13:14,15.1,76,7,W,4,1015.6,15.8,78,7.0,SSW,11,1014.6
19-09-2023,13.7,28.0,0.0,3.8,4.2,N,43.0,16:41,18.6,57,6,SSW,15,1007.8,26.3,33,5.0,NNW,19,1003.6
20-09-2023,13.2,19.0,0.0,7.6,0.7,W,43.0,13:40,14.8,66,7,WNW,13,1007.8,16.4,33,7.0,WNW,9,1008.2
21-09-2023,9.2,14.9,0.2,3.8,6.2,SSW,30.0,09:34,12.7,64,3,WSW,11,1020.7,14.3,57,7.0,SSW,15,1023.9
22-09-2023,6.8,14.9,0.0,3.2,10.8,SSW,30.0,14:22,12.4,63,2,NNE,6,1031.5,14.3,51,1.0,SSW,13,1029.4
23-09-2023,5.2,16.4,0.0,3.6,10.3,SW,22.0,11:51,10.8,64,5,E,7,1030.3,14.7,64,5.0,SSW,13,1026.7
24-09-2023,7.2,23.8,0.0,4.0,11.3,NNE,39.0,13:29,13.4,76,0,NE,9,1025.4,23.2,34,0.0,N,20,1020.0
25-09-2023,13.4,23.4,0.0,8.0,8.3,SSW,41.0,11:32,20.0,43,3,NW,7,1020.2,17.2,65,1.0,SSW,17,1020.9
26-09-2023,9.5,16.4,0.0,5.2,11.1,SW,30.0,13:55,14.2,52,1,S,6,1022.2,15.4,58,2.0,SSW,13,1019.4
27-09-2023,10.2,17.3,0.0,4.4,6.8,S,35.0,14:59,12.7,73,7,WNW,4,1023.6,15.6,66,5.0,SSW,17,1024.8
28-09-2023,10.2,20.1,0.0,3.8,9.2,SSW,24.0,14:12,14.8,62,4,W,6,1029.9,18.4,51,1.0,SSW,13,1026.9
29-09-2023,8.0,27.8,0.0,4.4,10.9,NNW,28.0,11:12,16.4,50,1,NE,9,1025.2,26.9,17,1.0,SSW,7,1020.6
30-09-2023,15.4,29.7,0.0,11.2,10.6,N,48.0,12:58,21.8,29,1,N,19,1018.4,28.8,19,1.0,NNW,20,1012.1
01-10-2023,19.0,20.5,0.0,14.6,10.6,WSW,48.0,07:52,19.7,53,2,SW,20,1007.0,18.7,44,4.0,S,17,1013.2
02-10-2023,7.4,28.5,0.0,7.0,11.4,NNW,41.0,13:17,10.3,77,1,NNE,11,1017.4,25.8,27,2.0,NNW,19,1010.1
03-10-2023,10.3,19.2,3.0,11.0,0.0,N,48.0,02:58,19.0,81,7,N,17,1007.7,16.4,94,8.0,WSW,7,1008.8
04-10-2023,10.5,13.5,22.8,2.4,0.1,S,37.0,22:44,11.3,100,8,S,9,1011.2,12.7,77,7.0,S,15,1010.1
05-10-2023,8.8,16.5,6.8,2.0,2.7,SSW,39.0,22:15,11.3,63,4,W,11,1017.7,16.0,54,7.0,WNW,11,1017.4
06-10-2023,10.0,15.2,7.2,3.4,8.7,SSE,37.0,15:44,11.7,64,6,SSW,15,1030.3,14.2,55,4.0,SSW,17,1031.4
07-10-2023,7.7,14.3,0.4,3.8,1.6,SSE,30.0,15:06,11.6,61,7,SSE,2,1034.4,13.5,57,7.0,SSW,13,1032.9
08-10-2023,5.8,15.8,0.0,2.2,1.6,S,26.0,14:06,11.7,71,1, ,Calm,1032.6,15.0,54,1.0,SSW,17,1030.1
09-10-2023,8.9,15.8,0.0,5.4,6.4,SSW,30.0,12:40,12.1,69,7,NNE,6,1028.4,15.4,54,2.0,S,13,1026.5
10-10-2023,11.0,16.5,0.0,3.8,7.5,SW,28.0,14:17,11.7,80,7,SSW,4,1026.0,15.7,60,1.0,SSW,13,1023.9
11-10-2023,6.9,26.2,0.0,4.6,11.5,N,43.0,16:06,11.8,77,0,NE,11,1021.8,25.6,37,3.0,NNW,24,1018.3
12-10-2023,11.8,16.1,1.2,9.8,2.3,N,46.0,04:02,14.5,87,8,SW,9,1013.7,15.5,57,6.0,SW,13,1013.7
13-10-2023,10.6,17.5,13.4,4.0,0.5,WNW,37.0,12:44,13.2,73,7,W,6,1020.0,16.9,70,7.0,WSW,11,1018.8
14-10-2023,11.6,19.6,2.2,1.4,3.5,WNW,41.0,09:46,14.1,63,7,WNW,15,1018.0,18.3,50,7.0,W,13,1016.8
15-10-2023,11.5,17.2,0.0,4.6,1.5,NW,30.0,09:17,12.7,71,7,NNW,11,1017.8,16.2,52,7.0,S,11,1014.8
16-10-2023,10.1,14.7,5.0,3.4,9.7,SSW,50.0,16:11,10.9,71,7,SW,13,1016.3,14.2,54,6.0,SSW,26,1021.3
17-10-2023,10.3,16.1,0.8,5.8,9.6,SSW,31.0,16:07,12.7,62,7,SE,9,1031.7,15.7,59,2.0,SSW,13,1030.7
18-10-2023,7.9,24.2,0.2,4.0,12.2,N,35.0,10:08,12.8,75,0,N,11,1029.8,23.2,37,1.0,NNW,15,1025.4
19-10-2023,11.2,27.1,0.0,3.8,11.6,NNE,24.0,11:08,16.4,67,1,NE,9,1022.7,25.8,34,2.0,N,6,1018.6
20-10-2023,14.3,29.5,0.0,7.8,10.6,N,30.0,16:11,18.8,60,1,NE,9,1017.3,28.3,29,5.0,NNE,13,1013.8
21-10-2023,18.8,22.1,0.0,11.4,2.6,SW,44.0,17:37,20.0,53,7,SW,20,1008.8,19.7,52,7.0,SSW,15,1007.0
22-10-2023,11.6,15.5,0.2,5.6,0.7,NW,48.0,09:26,14.0,68,7,NW,13,1009.2,15.2,66,7.0,W,15,1010.7
23-10-2023,10.6,18.1,2.4,4.0,3.2,WSW,33.0,02:09,12.3,68,7,WSW,11,1016.7,15.7,64,7.0,SSW,13,1015.8
24-10-2023,12.3,25.3,0.0,3.8,7.8,N,57.0,07:38,17.6,49,7,N,28,1006.9,24.8,29,7.0,NNW,20,1006.2
25-10-2023,8.9,13.4,0.0,9.8,8.8,WSW,41.0,11:00,11.1,56,2,W,11,1017.3,9.9,74,4.0,WSW,11,1020.3
26-10-2023,7.3,15.1,8.2,4.0,7.5,S,43.0,08:26,10.5,82,7,SSW,7,1029.4,14.1,58,7.0,S,20,1030.5
27-10-2023,8.3,19.4,0.4,4.8,12.4,SSW,30.0,13:10,13.8,59,1,SE,9,1033.6,18.4,50,1.0,SW,9,1030.1
28-10-2023,9.5,23.3,0.0,7.4,7.1,N,57.0,07:02,15.4,52,6,N,22,1026.0,20.3,43,7.0,N,24,1020.7
29-10-2023,9.1,21.3,0.0,7.4,11.2,SSW,30.0,17:06,13.9,77,3,SSW,4,1016.0,19.2,50,3.0,SSW,11,1010.6
30-10-2023,12.4,23.2,0.0,6.4,8.0,N,46.0,13:21,16.5,53,2,W,7,1007.7,21.5,35,5.0,NW,26,1003.9
31-10-2023,9.1,16.0,1.8,7.0,7.9,WSW,39.0,23:32,12.0,58,1,W,9,1017.3,14.8,57,7.0,S,17,1019.7
01-11-2023,11.2,16.0,0.0,5.2,2.1,S,30.0,12:35,13.2,65,5,SW,9,1024.8,15.3,63,8.0,S,13,1024.8
02-11-2023,12.1,16.7,0.0,6.2,4.9,S,33.0,15:14,13.0,62,8,SSE,4,1024.6,15.1,59,5.0,S,13,1022.9
03-11-2023,12.1,15.9,0.0,4.8,4.0,SW,31.0,15:17,13.0,67,8,SSE,9,1023.5,15.1,60,4.0,SSW,13,1022.5
04-11-2023,11.2,20.9,0.0,4.8,8.4,SE,39.0,20:28,13.1,65,8,SSE,13,1024.6,17.0,72,2.0,SSW,17,1022.8
05-11-2023,9.3,23.9,0.0,6.2,11.9,SSE,30.0,17:27,14.6,72,2,WNW,6,1026.3,20.6,55,1.0,SSW,13,1023.0
06-11-2023,12.6,29.8,0.0,8.0,10.8,NNW,33.0,11:50,19.1,58,5,N,9,1022.0,29.1,32,7.0,NNW,20,1017.1
07-11-2023,15.5,30.6,0.0,11.0,10.3,N,43.0,10:47,22.6,54,1,SE,6,1016.6,29.9,31,2.0,N,24,1012.5
08-11-2023,16.3,30.8,0.6,11.0,9.5,N,39.0,12:34,23.7,47,1,NNE,13,1014.0,18.8,77,5.0,SSW,17,1011.6
09-11-2023,15.0,23.2,8.8,6.4,6.6,SSW,31.0,17:29,15.8,80,7,SSE,2,1015.8,19.1,69,1.0,SW,13,1013.0
10-11-2023,13.7,33.1,0.0,4.6,12.8,N,35.0,13:33,20.5,70,2,NE,6,1014.0,30.0,35,4.0,SSW,7,1010.5
11-11-2023,18.7,19.1,0.0,16.0,9.1,N,48.0,03:31,18.9,72,6,S,19,1013.6,17.6,60,5.0,S,17,1018.1
12-11-2023,12.1,18.2,0.0,7.6,10.9,S,39.0,17:27,13.8,58,2,WSW,9,1020.2,16.8,57,6.0,S,15,1020.7
13-11-2023,11.8,20.6,0.4,8.2,10.1,SSW,31.0,16:56,14.2,64,6,SSW,11,1022.2,18.1,47,0.0,SSW,9,1018.3
14-11-2023,12.7,16.8,0.6,6.8,0.9,SSW,24.0,00:30,12.8,80,8,WSW,7,1017.6,15.9,65,7.0,S,13,1016.8
15-11-2023,12.7,18.2,0.2,3.8,8.1,S,28.0,15:11,14.5,66,7,E,6,1015.7,17.6,53,2.0,SSW,13,1014.3
16-11-2023,12.3,17.4,0.6,6.2,3.3,SSW,43.0,16:59,13.6,78,7,SSW,11,1014.9,15.7,60,7.0,S,19,1015.5
17-11-2023,12.4,17.8,0.0,5.4,6.8,SSW,31.0,11:15,13.9,54,6,S,13,1021.6,16.8,50,6.0,S,15,1021.5
18-11-2023,13.8,18.8,0.0,5.2,10.7,S,31.0,14:46,14.9,61,7,S,6,1021.6,18.2,60,1.0,S,13,1019.4
19-11-2023,11.5,21.6,0.0,5.4,9.4,SSW,30.0,13:59,14.6,78,2, ,Calm,1019.2,20.6,56,4.0,S,17,1017.4
20-11-2023,14.4,19.3,0.0,8.0,3.5,SSW,31.0,12:40,15.7,72,7,SSE,7,1021.0,18.5,66,8.0,SSW,17,1019.5
21-11-2023,15.1,19.0,0.0,2.8,4.7,SSW,35.0,16:05,16.4,77,8,SSW,7,1021.0,18.5,68,6.0,S,15,1020.4
22-11-2023,13.8,18.6,0.0,4.4,10.4,SSW,39.0,14:09,16.9,64,7,S,11,1026.0,17.5,65,1.0,SSW,20,1024.2
23-11-2023,15.2,26.5,0.0,7.0,7.0,SE,30.0,17:54,16.9,73,7,ESE,9,1025.2,22.1,65,7.0,SSW,11,1021.8
24-11-2023,16.9,28.7,0.0,6.6,2.5,N,33.0,10:36,22.1,68,4,NNE,2,1017.8,24.6,51,7.0,N,17,1014.3
25-11-2023,17.2,26.5,8.8,5.6,7.4,NNW,44.0,16:26,22.7,72,4,N,17,1010.0,24.2,43,6.0,N,17,1007.1
26-11-2023,15.1,19.8,3.8,7.4,1.9,S,30.0,18:26,15.3,100,7,SW,9,1012.2,19.1,73,7.0,SSW,11,1012.6
27-11-2023,13.7,18.5,7.2,2.0,0.5,S,30.0,12:08,14.1,100,8,SSW,9,1015.7,17.4,69,7.0,SSW,13,1014.7
28-11-2023,13.8,23.2,1.8,2.2,3.9,E,37.0,17:16,14.4,98,8,NW,2,1013.4,22.3,64,5.0,SSW,7,1009.9
29-11-2023,14.4,19.1,2.8,3.8,0.0,SE,57.0,15:23,16.8,96,8,SE,20,1007.0,17.7,87,8.0,SE,20,1006.4
30-11-2023,14.4,18.8,6.8,2.8,0.0,SE,43.0,10:25,16.5,76,8,SSE,15,1012.0,17.8,67,8.0,SSE,15,1011.6
01-12-2023,13.9,23.8,4.6,2.8,2.2,SE,39.0,10:30,16.8,81,7,SE,11,1010.2,22.8,57,7.0,SE,17,1007.4
02-12-2023,15.5,16.7,2.8,4.2,0.0,S,33.0,09:53,15.7,100,8,S,9,1010.2,16.0,98,8.0,S,13,1012.1
03-12-2023,14.1,24.3,7.0,1.0,8.3,SSW,35.0,15:57,16.5,82,7,S,11,1016.9,23.0,49,3.0,SSE,13,1014.8
04-12-2023,13.1,32.6,0.0,5.2,12.9,NW,35.0,12:23,19.6,69,4,NNE,9,1015.2,30.5,29,6.0,N,20,1012.2
05-12-2023,15.6,24.5,0.0,9.6,12.3,SSW,35.0,16:34,19.2,71,3,SSW,7,1013.7,21.5,62,4.0,SSW,17,1012.0
06-12-2023,15.0,22.7,0.0,8.4,11.1,SSW,30.0,17:05,18.8,60,6,S,11,1019.3,21.0,53,3.0,SSW,11,1017.8
07-12-2023,13.3,25.8,0.0,7.0,5.3,N,26.0,21:52,16.0,71,7,SSE,7,1019.0,21.1,55,6.0,S,7,1017.4
08-12-2023,15.9,33.0,0.0,7.4,4.5,N,69.0,11:15,21.5,64,7,NNE,11,1010.9,32.1,36,7.0,N,30,1004.3
09-12-2023,16.9,17.9,2.6,12.0,0.0,SE,30.0,18:09,17.1,89,8,W,2,1012.4,16.2,100,8.0,S,11,1017.6
10-12-2023,14.4,19.5,11.8,1.2,0.0,SSE,39.0,01:40,16.2,81,8,S,9,1019.0,18.9,77,8.0,SSW,9,1017.7
11-12-2023,16.1,20.2,0.4,1.0,0.0,S,28.0,04:28,17.9,100,8,S,7,1019.6,18.6,100,8.0,S,7,1019.6
12-12-2023,17.8,33.2,0.2,0.4,6.3,ESE,30.0,17:21,19.7,95,7,N,2,1016.9,25.3,75,5.0,SW,6,1012.3
13-12-2023,19.7,34.0,0.6,5.8,5.8,N,50.0,15:02,25.3,76,7,WNW,2,1007.2,32.4,35,7.0,N,17,1003.1
14-12-2023,16.5,25.5,1.4,9.0,5.4,W,33.0,13:10,18.8,61,7,W,7,1006.8,24.2,40,7.0,WSW,15,1006.5
15-12-2023,14.4,23.4,0.0,7.0,10.9,S,30.0,17:20,17.4,63,4,NW,7,1010.8,21.5,42,7.0,S,9,1008.8
16-12-2023,13.4,22.7,0.0,6.0,6.9,NNW,31.0,07:56,15.8,56,7,NW,17,1009.2,22.6,35,7.0,W,9,1008.3
17-12-2023,12.2,25.2,0.0,6.4,12.9,SSW,28.0,14:08,17.8,60,1,SSE,6,1015.7,21.5,48,1.0,SSW,11,1013.6
18-12-2023,15.9,26.2,0.0,7.0,0.3,SW,31.0,19:25,21.1,58,7,NNE,7,1011.5,24.7,42,7.0,NNE,7,1009.4
19-12-2023,14.9,19.0,4.0,4.6,4.2,SSW,41.0,15:30,16.1,82,7,SSW,7,1015.2,18.0,56,6.0,S,17,1015.5
20-12-2023,12.8,20.4,1.4,4.2,11.8,S,43.0,14:25,15.9,49,3,SSE,13,1020.5,18.8,60,3.0,S,22,1019.0
21-12-2023,14.9,25.7,0.0,8.6,10.4,SE,44.0,17:40,19.6,60,2,ESE,13,1020.6,24.0,43,5.0,SE,17,1018.0
22-12-2023,14.3,24.4,0.0,6.4,13.2,SSE,39.0,17:28,19.4,44,4,ESE,11,1019.8,22.8,44,5.0,SSW,13,1015.7
23-12-2023,12.6,22.8,0.0,8.6,13.0,SSW,37.0,15:54,16.7,61,1,E,4,1013.6,21.5,55,2.0,S,20,0.0
24-12-2023,13.2,24.2,0.0,7.0,5.2,S,44.0,16:57,17.8,70,7,SW,7,1008.0,23.0,60,6.0,SSW,15,1005.9
25-12-2023,16.0,20.8,14.2,7.0,0.2,SE,43.0,14:48,17.2,97,8,SSE,6,1004.5,17.4,86,7.0,E,4,1004.7
26-12-2023,16.7,24.1,16.0,1.0,4.6,SSE,37.0,10:59,20.6,81,8,SE,11,1008.5,17.0,89,7.0,NW,13,1009.9
27-12-2023,16.9,24.0,3.0,4.0,8.7,SSW,33.0,13:37,20.3,82,7,SSE,6,1011.7,23.1,73,4.0,S,15,1010.9
28-12-2023,17.2,20.8,0.8,5.4,4.4,SSE,31.0,17:27,17.3,98,8,SW,11,1013.9,20.5,71,6.0,SSW,13,1013.3
29-12-2023,15.2,20.4,0.0,4.4,10.4,SW,31.0,21:55,16.5,64,5,S,11,1014.9,18.6,50,1.0,SSW,13,1013.7
30-12-2023,14.2,19.0,0.0,7.0,3.7,SSW,39.0,14:21,16.1,65,7,SW,13,1015.4,17.7,58,7.0,S,17,1016.8
31-12-2023,14.1,20.8,0.6,5.2,12.4,S,39.0,16:07,16.9,51,3,SSE,11,1022.5,19.5,55,2.0,SSW,15,1021.4
01-01-2024,12.6,23.2,0.0,7.2,11.4,SSW,31.0,14:35,17.6,65,7,SW,4,1021.7,22.5,60,7.0,SSW,13,1017.7
02-01-2024,16.9,24.7,0.0,6.8,3.3,SW,41.0,14:23,19.6,81,7,NNW,7,1017.4,21.9,77,8.0,SW,15,1014.8
03-01-2024,17.8,26.9,17.8,5.8,3.6,S,30.0,21:34,19.3,100,7, ,Calm,1015.4,26.3,70,7.0,S,6,1013.3
04-01-2024,17.8,21.9,1.0,4.0,3.2,SSW,33.0,17:46,18.3,80,8,SSW,11,1020.1,20.3,71,7.0,SSW,15,1019.8
05-01-2024,15.9,28.9,0.0,4.8,5.7,SE,31.0,18:48,19.9,81,7,NW,6,1021.2,26.4,58,6.0,SSW,9,1019.0
06-01-2024,16.7,32.6,0.0,5.6,9.4,N,35.0,09:33,21.7,68,6,ENE,2,1019.0,31.7,36,7.0,NNW,7,1014.6
07-01-2024,21.4,27.2,0.0,8.4,0.2,NNE,43.0,09:21,26.1,50,7,N,15,1010.8,20.5,95,8.0,NNE,11,1009.6
08-01-2024,19.9,20.3,37.8,9.4,0.0,SW,31.0,11:47,20.2,100,7,SSW,9,1007.4,18.3,100,7.0,SW,11,1010.0
09-01-2024,15.5,24.2,25.6,1.0,10.9,SSW,31.0,13:08,19.6,77,7,ESE,6,1014.2,22.9,67,4.0,SW,17,1012.4
10-01-2024,16.9,27.4,0.2,4.4,12.8,SSW,39.0,10:46,22.1,72,1,NNE,9,1011.8,22.4,74,6.0,S,15,1014.6
11-01-2024,17.5,23.1,0.0,7.6,10.0,S,41.0,14:44,19.2,63,7,SSE,7,1021.2,22.3,65,4.0,SSW,19,1020.7
12-01-2024,16.3,33.4,0.0,6.8,12.5,NNW,31.0,11:32,20.6,74,1,N,9,1018.2,27.8,60,6.0,SSW,13,1014.4
13-01-2024,19.1,21.7,0.0,6.6,0.5,S,31.0,16:22,20.7,73,8,SSE,9,1019.0,18.7,82,8.0,S,11,1020.3
14-01-2024,16.0,22.9,0.4,3.6,8.2,S,44.0,15:18,17.8,66,7,SSE,9,1022.7,21.4,63,7.0,SSW,19,1020.1
15-01-2024,17.2,30.2,0.0,5.8,10.1,SSW,31.0,14:50,21.5,68,5,NNW,6,1020.4,28.1,47,2.0,S,13,1017.0
16-01-2024,20.6,31.9,0.0,7.8,12.5,N,44.0,10:21,24.2,50,1,N,17,1013.2,30.1,44,1.0,N,20,1008.1
17-01-2024,19.0,21.5,8.2,9.4,4.1,N,43.0,02:15,19.0,93,8,WNW,4,1005.6,20.5,71,5.0,S,13,1004.6
18-01-2024,14.2,21.6,12.2,5.0,9.4,WSW,44.0,13:52,16.9,60,2,NW,17,1006.3,19.7,57,6.0,WSW,19,1005.8
19-01-2024,14.7,20.8,0.2,7.8,3.5,WSW,30.0,23:26,15.9,75,6,W,6,1011.6,19.6,67,7.0,S,9,1011.6
20-01-2024,14.1,28.7,0.0,2.6,2.7,N,43.0,17:47,15.8,82,7,NNE,11,1008.3,26.3,41,7.0,N,17,1005.8
21-01-2024,15.8,20.5,0.0,7.0,3.9,SSW,39.0,14:45,18.4,70,7,W,7,1007.5,19.2,64,8.0,S,17,1009.9
22-01-2024,15.7,20.2,0.0,4.6,7.6,SSW,33.0,15:41,16.8,59,7,SSE,9,1016.4,19.5,52,7.0,S,17,1016.3
23-01-2024,12.8,31.7,0.0,5.4,12.6,N,28.0,16:28,16.4,75,7,NNE,7,1014.4,29.8,32,4.0,N,11,1009.3
24-01-2024,16.4,30.2,0.2,11.0,11.0,N,54.0,04:49,24.6,50,4,SSW,13,1007.1,22.8,63,5.0,SSW,15,1007.3
25-01-2024,17.4,23.8,0.0,7.0,0.6,NNW,24.0,15:36,19.1,72,7, ,Calm,1009.1,23.4,50,7.0,NNW,9,1007.1
26-01-2024,16.2,22.3,5.2,2.8,11.7,WSW,33.0,09:23,18.9,63,2,WNW,11,1006.6,22.1,48,7.0,SSW,13,1007.3
27-01-2024,12.1,24.7,0.0,5.8,10.1,S,37.0,15:43,16.4,63,1,NW,9,1009.5,24.0,38,4.0,SW,13,1007.3
28-01-2024,15.5,26.3,0.0,7.6,11.2,S,24.0,14:42,18.6,68,7,WSW,9,1012.8,24.2,52,3.0,SSE,9,1011.6
29-01-2024,16.9,27.2,0.0,5.4,11.7,SSW,41.0,18:11,20.6,77,1,N,6,1011.1,24.0,66,1.0,SSW,17,1011.1
30-01-2024,18.1,23.3,0.0,7.8,10.7,SSW,41.0,15:49,19.0,70,7,SSE,13,1016.4,21.5,65,1.0,SSW,15,1013.7
31-01-2024,15.6,21.6,0.0,5.8,7.7,SSW,35.0,14:12,18.5,57,7,SSE,11,1017.7,20.5,60,2.0,SSW,19,1017.5
01-02-2024,15.3,24.3,0.0,5.6,11.1,S,35.0,14:25,18.3,68,7,W,9,1016.7,23.7,55,1.0,SSW,13,1013.6
02-02-2024,15.7,20.9,0.0,8.0,12.9,S,35.0,16:26,17.5,62,3,WSW,11,1014.5,20.2,55,1.0,SSE,17,1014.3
03-02-2024,12.1,33.4,0.0,7.6,13.0,SSW,30.0,16:46,17.0,65,0,NNE,11,1011.7,29.9,28,0.0,SSW,9,1007.8
04-02-2024,15.2,37.5,0.0,8.0,12.6,N,50.0,13:15,19.5,68,1,NNE,9,1006.4,35.6,22,1.0,NNW,24,1000.0
05-02-2024,19.5,19.9,0.0,14.6,0.0,S,35.0,06:40,19.6,78,7,SSW,9,1007.5,18.4,64,7.0,S,13,1010.4
06-02-2024,16.0,21.1,1.0,3.4,11.9,SSW,35.0,11:48,17.6,54,4,SSE,9,1018.0,20.4,46,2.0,SSW,15,1019.7
07-02-2024,12.4,21.9,0.2,7.2,12.9,SSW,39.0,14:10,17.7,63,5,ESE,9,1024.0,21.8,52,4.0,SSW,19,1024.1
08-02-2024,14.6,22.4,0.0,6.4,10.9,SSW,31.0,15:16,16.9,71,7,SE,13,1026.4,21.4,59,1.0,SSW,13,1024.4
09-02-2024,16.9,21.2,0.0,6.4,7.7,SW,35.0,14:46,18.9,71,7,S,15,1026.1,20.8,57,5.0,SSW,15,1025.6
10-02-2024,15.1,26.7,0.0,6.6,9.6,SE,33.0,01:20,17.1,67,7,SSE,9,1026.4,25.6,46,1.0,WSW,7,1022.2
11-02-2024,17.1,33.2,0.0,7.6,12.2,NNW,50.0,17:25,23.5,54,0,N,20,1019.8,31.3,38,1.0,N,20,1016.1
12-02-2024,18.7,35.8,0.0,10.0,12.2,NNW,50.0,13:26,25.2,53,0,NE,7,1015.4,35.4,29,3.0,NNW,22,1011.2
13-02-2024,20.0,36.7,0.0,11.8,9.0,N,54.0,09:58,29.3,41,1,N,24,1007.2,32.9,39,6.0,N,19,1000.1
14-02-2024,14.4,20.3,1.2,12.0,8.2,WSW,31.0,23:21,15.2,66,7,W,9,1016.8,19.3,46,6.0,S,17,1018.4
15-02-2024,12.4,20.9,0.0,6.4,11.0,SSW,35.0,15:23,16.3,52,1,SE,9,1022.7,19.8,51,7.0,S,19,1021.9
16-02-2024,12.8,22.9,0.0,5.8,8.6,SSW,35.0,16:58,15.7,72,8,NNE,7,1023.2,21.5,59,7.0,SSW,15,1021.3
17-02-2024,14.1,23.1,0.0,5.2,7.6,SSW,31.0,15:44,17.3,81,8,NNE,4,1022.8,22.1,59,7.0,SSW,15,1021.3
18-02-2024,15.4,21.8,0.0,5.6,8.2,SSW,33.0,17:13,18.4,69,8,ESE,7,1021.8,21.1,59,2.0,SSW,13,1020.6
19-02-2024,17.4,22.2,0.0,7.0,9.5,SSW,33.0,15:57,18.2,65,7,SSE,9,1021.6,21.4,61,1.0,SSW,13,1019.8
20-02-2024,16.2,29.2,0.0,7.6,8.9,SSW,28.0,16:47,19.8,71,7, ,Calm,1016.7,27.2,56,5.0,S,11,1013.3
21-02-2024,19.3,33.9,0.0,8.0,10.8,N,41.0,11:15,24.7,52,4,NNE,9,1014.5,33.3,31,2.0,NNE,20,1011.4
22-02-2024,21.5,35.9,0.0,13.6,8.0,N,57.0,13:34,27.2,45,7,N,22,1009.1,35.7,32,2.0,N,24,1003.7
23-02-2024,17.4,21.9,3.8,12.0,1.7,S,39.0,18:30,19.0,56,7,SW,9,1010.6,20.4,48,7.0,S,17,1013.0
24-02-2024,16.0,20.3,0.0,7.4,8.6,SSW,31.0,15:40,17.0,53,7,SSE,13,1020.2,19.9,55,1.0,SSW,15,1019.6
25-02-2024,11.7,30.9,0.0,6.2,9.5,S,41.0,19:31,17.5,68,4,N,11,1015.9,30.6,27,7.0,SSW,9,1012.5
26-02-2024,16.7,20.4,0.0,7.8,6.1,SSW,37.0,14:20,17.9,65,7,S,9,1018.9,19.7,56,7.0,SSW,17,1019.4
27-02-2024,12.9,27.4,0.0,6.4,10.9,0,0.0,0,16.7,70,1,NE,7,1016.1,25.7,53,1.0,SW,11,1012.6
28-02-2024,16.6,36.3,0.0,8.8,5.3,NNE,50.0,16:43,23.5,51,3,N,11,1011.6,31.4,40,6.0,NNE,13,1008.4
29-02-2024,18.5,24.7,0.0,10.0,5.6,SSW,28.0,14:35,19.0,71,7,WSW,13,1014.0,23.2,55,3.0,SSW,15,1014.6
01-03-2024,14.4,28.1,0.0,5.2,11.0,SSW,37.0,16:13,18.0,72,3,NE,2,1015.1,26.5,49,3.0,SSW,9,1011.7
02-03-2024,15.9,20.7,0.0,5.6,8.1,S,35.0,13:08,18.7,67,3,S,11,1017.1,19.4,50,7.0,S,19,1018.6
03-03-2024,12.8,20.9,0.0,6.2,4.5,SSE,39.0,14:46,15.8,58,7,WSW,11,1018.8,20.6,52,7.0,S,15,1019.4
04-03-2024,13.2,20.7,0.0,5.8,10.8,SSW,35.0,14:50,15.4,54,7,SE,9,1024.8,19.5,51,1.0,S,19,1023.1
05-03-2024,11.8,32.1,0.0,6.2,11.3,N,31.0,09:40,14.3,78,1,NE,9,1019.5,30.2,26,1.0,N,13,1016.0
06-03-2024,14.3,25.1,0.0,10.0,8.1,S,33.0,15:01,19.1,56,5, ,Calm,1016.9,23.8,54,4.0,SSW,17,1016.5
07-03-2024,16.9,21.9,0.0,6.4,9.8,SSW,35.0,15:48,17.9,64,7,SE,13,1025.1,21.2,54,3.0,SSW,15,1024.0
08-03-2024,14.2,26.0,0.0,5.4,9.8,SSW,26.0,15:08,17.7,75,7,N,6,1023.3,23.6,58,1.0,SSW,13,1020.2
09-03-2024,16.9,37.6,0.0,6.6,11.4,N,57.0,09:15,21.2,73,0,NNE,6,1019.0,35.9,29,3.0,N,24,1016.5
10-03-2024,21.2,36.9,0.0,18.0,11.1,N,39.0,09:01,28.4,35,1,N,19,1022.6,36.2,26,2.0,NNW,19,1021.0
11-03-2024,20.5,35.1,0.0,14.0,9.2,NNW,44.0,14:46,23.6,55,7,NNE,9,1022.1,33.6,27,6.0,N,22,1018.2
12-03-2024,22.8,23.1,0.0,16.0,0.3,SSW,35.0,10:35,22.9,71,7,SSW,15,1017.3,20.4,74,8.0,SSW,11,1019.2
13-03-2024,17.2,19.9,1.2,2.2,0.1,SE,22.0,23:35,17.3,84,7,ENE,4,1018.5,19.1,74,7.0,SSE,9,1015.8
14-03-2024,16.4,22.7,0.4,1.0,5.6,SSW,39.0,13:23,18.3,77,8,SSE,9,1015.5,20.7,71,6.0,SSW,17,1016.0
15-03-2024,15.7,27.8,0.0,4.0,10.0,SSE,30.0,17:29,18.5,76,3,E,2,1020.3,26.9,41,1.0,SSW,6,1017.9
16-03-2024,14.4,29.6,0.0,6.0,10.9,S,26.0,14:54,17.1,77,0,NNE,7,1020.7,29.0,30,1.0,ENE,9,1015.8
17-03-2024,17.1,30.2,0.0,8.8,10.6,SSE,33.0,17:16,20.6,60,5,N,11,1015.2,27.4,39,4.0,S,11,1011.8
18-03-2024,16.3,31.9,0.0,7.6,11.0,NNW,26.0,10:33,19.9,64,1,ENE,6,1014.4,29.5,33,4.0,NE,9,1011.1
19-03-2024,19.7,28.6,0.0,11.0,5.7,NNW,69.0,10:16,25.5,53,5,NNE,11,1009.0,26.9,56,7.0,NNW,22,1007.8
20-03-2024,13.2,18.4,0.2,7.4,10.4,S,48.0,14:38,14.3,57,1,W,13,1022.7,17.3,43,4.0,S,19,1026.1
21-03-2024,9.4,20.5,0.2,6.4,10.8,SSE,30.0,09:56,13.5,61,1, ,Calm,1030.7,19.7,43,0.0,SSW,15,1026.9
22-03-2024,9.7,20.8,0.0,5.0,10.9,S,33.0,13:12,12.8,73,1,NE,7,1025.4,19.9,53,1.0,S,17,1022.9
23-03-2024,11.9,19.8,0.0,6.0,6.8,S,33.0,12:13,14.1,82,6, ,Calm,1026.4,19.3,56,6.0,S,15,1024.7
24-03-2024,12.2,22.3,0.0,3.6,7.8,SSW,22.0,15:52,14.6,59,7,WNW,6,1024.0,21.2,44,1.0,S,9,1021.2
25-03-2024,14.3,22.6,0.0,4.6,10.9,S,26.0,12:42,15.4,67,1,NNW,13,1021.2,21.1,53,1.0,SSW,11,1018.7
26-03-2024,13.1,21.8,0.0,5.0,8.5,SSW,24.0,11:48,14.8,76,7,W,2,1023.0,20.8,49,1.0,SSW,9,1021.8
27-03-2024,14.8,20.5,0.6,3.4,3.4,S,31.0,14:24,15.9,82,4,WSW,6,1025.9,20.2,59,7.0,S,13,1025.8
28-03-2024,15.7,20.4,0.2,5.0,7.3,SSW,28.0,12:39,16.4,58,7,SE,7,1027.0,19.2,56,2.0,SSW,15,1025.7
29-03-2024,10.6,28.0,0.0,4.0,10.6,N,31.0,11:57,12.9,83,0,NNE,6,1025.6,25.9,42,1.0,SW,7,1022.1
30-03-2024,12.9,22.4,0.0,6.2,9.9,SSW,24.0,13:03,15.0,91,7,NNE,7,1026.4,21.6,58,1.0,SSW,13,1024.9
31-03-2024,13.5,20.9,0.0,4.0,7.7,SSW,20.0,15:12,14.9,95,7,SE,4,1023.9,19.4,70,0.0,SW,7,1020.1
01-04-2024,14.0,28.2,0.0,3.6,2.3,N,43.0,10:59,16.5,69,7,NNE,9,1015.3,22.2,71,7.0,NNE,15,1011.7
02-04-2024,14.6,21.4,53.2,7.0,6.2,SW,39.0,12:12,15.4,83,7,NNW,7,1009.5,20.5,54,4.0,W,11,1011.0
03-04-2024,12.5,16.6,2.2,3.0,1.0,SSW,24.0,09:43,14.0,77,5,SW,6,1020.7,15.2,90,7.0,SW,2,1021.9
04-04-2024,9.5,18.9,5.2,1.8,6.4,SSE,30.0,13:53,11.7,92,6, ,Calm,1027.2,17.7,51,7.0,SSE,13,1025.9
05-04-2024,11.5,20.6,0.0,5.0,7.5,SSW,31.0,15:19,13.9,70,7,N,6,1029.2,19.6,63,5.0,SW,13,1025.9
06-04-2024,13.9,22.1,0.0,2.8,0.5,SE,20.0,16:25,15.8,91,7, ,Calm,1020.5,21.9,46,7.0,E,6,1015.6
07-04-2024,15.7,20.3,2.0,1.2,4.9,SW,26.0,11:35,17.2,100,8,WSW,2,1013.0,19.8,71,4.0,SSW,13,1011.5
08-04-2024,13.3,20.6,2.8,3.4,4.9,S,28.0,16:05,15.3,72,5,WNW,7,1012.6,19.0,63,7.0,SSE,7,1009.5
09-04-2024,10.3,16.6,36.0,3.2,6.5,S,44.0,10:47,12.2,82,3,SW,9,1017.6,14.0,70,7.0,SSW,15,1018.7
10-04-2024,11.7,17.8,2.4,3.0,0.2,SSW,33.0,21:22,14.6,70,7,WSW,9,1022.2,16.8,67,7.0,S,13,1020.7
11-04-2024,12.9,17.7,1.4,1.6,1.1,S,22.0,11:33,14.5,85,7,SW,6,1023.2,17.3,56,7.0,SSW,9,1022.7
12-04-2024,12.2,17.7,2.0,2.8,0.3,SSE,19.0,12:03,13.2,80,7,W,7,1023.4,17.2,62,7.0,SSW,6,1021.1
13-04-2024,11.7,19.0,0.4,1.6,4.8,SW,19.0,15:13,14.2,75,2,WSW,7,1024.1,18.2,51,6.0,S,9,1022.3
14-04-2024,10.5,19.1,0.0,1.4,5.4,SSW,15.0,13:04,12.9,81,7,NE,7,1024.4,18.9,58,4.0,S,6,1022.4
15-04-2024,9.9,20.4,0.0,2.8,9.3,SSW,17.0,13:12,14.9,72,1,NE,6,0.0,19.8,54,4.0,SSW,7,1022.7
16-04-2024,11.7,19.0,0.2,2.2,7.0,S,20.0,16:48,14.7,80,5, ,Calm,1026.1,17.8,61,5.0,SW,7,1024.2
17-04-2024,10.8,18.1,0.0,1.6,4.1,SSW,26.0,14:08,14.2,92,7, ,Calm,1027.1,16.1,73,7.0,SSW,9,1024.7
18-04-2024,11.4,16.9,4.0,1.8,1.8,NW,30.0,16:51,13.4,77,7,W,9,1022.5,16.5,56,7.0,W,9,1018.6
19-04-2024,12.0,18.9,6.0,0.6,3.2,S,31.0,11:33,15.1,79,7,SSE,7,1021.2,17.8,69,6.0,SSW,9,1022.7
20-04-2024,8.5,17.4,0.2,2.0,7.5,SSW,26.0,12:07,13.7,85,7,SE,2,1030.9,15.8,61,5.0,SSW,13,1029.7
21-04-2024,10.8,16.4,0.0,2.2,6.8,SSW,19.0,14:04,13.0,76,7, ,Calm,1031.8,15.9,60,1.0,SSW,9,1029.2
22-04-2024,6.9,24.3,0.0,2.2,9.9,N,31.0,16:00,10.4,84,1,N,9,1028.2,24.0,33,1.0,N,15,1023.2
23-04-2024,10.3,25.3,0.0,5.2,8.2,N,41.0,11:19,19.2,40,3,NNW,13,1020.9,24.6,32,8.0,NNW,22,1014.5
24-04-2024,10.8,16.6,5.6,8.4,5.2,S,33.0,11:33,11.8,77,2,W,11,1022.5,16.3,53,4.0,SSW,11,1022.6
25-04-2024,11.0,15.9,0.2,2.0,1.2,S,33.0,15:17,13.4,69,7,W,11,1024.6,15.5,60,7.0,S,15,1024.5
26-04-2024,12.3,15.3,0.0,2.4,0.2,WSW,28.0,12:54,13.5,63,7,SW,7,1026.6,14.7,58,7.0,S,9,1026.1
27-04-2024,9.4,18.0,0.0,2.4,8.9,SSW,20.0,14:42,12.7,68,7,NNE,9,1027.6,16.9,57,5.0,SSW,11,1024.1
28-04-2024,7.9,22.6,0.0,2.4,8.3,N,35.0,13:18,10.4,78,7,NNE,7,1024.5,22.0,38,3.0,N,13,1019.2
29-04-2024,10.4,16.4,0.0,5.2,0.0,S,28.0,14:17,15.6,65,7,WSW,6,1023.4,15.2,64,7.0,S,13,1024.7
30-04-2024,10.5,15.3,0.0,1.8,2.8,SSE,30.0,11:00,12.5,73,7,SE,9,1031.7,14.9,59,7.0,SE,13,1030.5
01-05-2024,8.2,18.8,0.2,2.2,9.4,SSE,28.0,14:25,12.5,75,1,SSE,7,1033.4,18.3,49,2.0,SE,9,1030.7
02-05-2024,8.3,16.6,0.0,1.6,5.7,S,19.0,00:20,10.3,91,7,NNE,6,1033.4,16.2,64,1.0,SW,6,1030.6
03-05-2024,6.6,17.1,0.0,1.0,9.1,SE,17.0,20:30,8.9,88,3,NE,7,1031.0,16.4,71,6.0,SW,7,1027.2
04-05-2024,5.9,16.4,0.0,2.0,3.1,NNE,15.0,13:15,8.5,100,7,NNE,7,1027.1,16.2,63,7.0, ,Calm,1024.5
05-05-2024,8.4,18.3,0.0,1.0,3.3,SSE,30.0,20:10,12.0,93,7, ,Calm,1027.1,16.3,75,2.0,SW,9,1026.4
06-05-2024,9.6,19.7,0.0,1.2,6.6,SSE,28.0,14:04,12.5,100,7,SE,11,1033.3,19.2,55,2.0,SE,11,1030.3
07-05-2024,8.3,16.4,0.0,2.2,9.2,S,17.0,12:25,13.3,83,1,N,9,1033.1,15.4,74,1.0,S,7,1030.6
08-05-2024,10.2,18.3,0.0,2.0,6.9,SSW,15.0,13:17,13.0,82,7,NE,7,1033.0,17.7,65,2.0,SW,7,1029.7
09-05-2024,9.7,16.6,0.0,2.4,0.3,NW,17.0,22:09,12.7,100,7, ,Calm,1031.9,16.0,81,7.0,SSW,7,1029.8
10-05-2024,12.7,17.1,14.0,0.2,0.1,N,13.0,05:22,14.0,100,8, ,Calm,1030.2,16.1,89,8.0,SSW,6,1028.2
11-05-2024,12.8,19.2,1.8,0.0,3.0,ESE,28.0,14:02,14.2,100,8, ,Calm,1028.3,18.1,61,7.0,SE,13,1025.9
12-05-2024,8.6,18.7,0.0,2.8,9.6,SSW,15.0,15:40,11.3,98,1,ENE,2,1025.0,18.0,68,1.0,SW,7,1021.8
13-05-2024,9.2,18.9,0.0,2.4,7.8,SW,24.0,19:59,11.6,88,1,NE,9,1023.0,17.3,67,4.0,SSW,9,1021.7
14-05-2024,11.6,16.7,0.0,2.6,3.8,SSE,22.0,13:25,13.8,60,7,W,9,1028.5,16.1,57,5.0,SSW,9,1028.5
15-05-2024,6.7,17.8,0.0,1.6,8.1,NW,19.0,11:34,9.1,85,5,NE,9,1030.1,16.5,58,2.0,SSW,9,1028.1
16-05-2024,6.5,17.7,0.0,2.0,9.2,SSW,15.0,14:09,9.4,86,1,NNE,7,1030.0,17.2,57,1.0,S,7,1027.3
17-05-2024,7.6,15.8,0.0,2.2,1.4,SW,35.0,14:55,12.2,83,5,NNW,9,1027.1,12.7,90,7.0,SSW,17,1026.6
18-05-2024,7.8,13.9,1.8,1.6,9.3,SSE,28.0,10:44,10.6,56,2,SE,9,1032.7,13.3,45,1.0,SW,11,1031.0
19-05-2024,6.2,15.4,0.0,1.8,0.2,NW,26.0,03:52,11.4,74,7,NW,6,1025.3,14.1,95,7.0,WNW,2,1022.3
20-05-2024,10.2,14.7,3.2,0.6,0.7,SSW,24.0,00:05,11.0,100,7,SW,7,1027.4,13.9,76,7.0,SSW,11,1027.5
21-05-2024,10.3,14.7,0.8,2.0,0.4,SSW,19.0,12:56,11.6,88,8,SSW,4,1030.8,13.6,66,6.0,S,9,1029.2
22-05-2024,5.1,16.2,0.2,0.4,5.6,SSW,17.0,13:58,7.4,88,1,NNE,9,1028.9,15.9,67,5.0,S,6,1026.5
23-05-2024,7.3,15.2,0.8,0.6,4.8,SSW,15.0,13:12,11.4,95,7,E,2,1029.2,14.8,66,7.0,SSW,6,1027.3
24-05-2024,5.9,13.7,0.0,1.0,0.0,SSW,15.0,15:46,9.0,83,7,NE,6,1029.0,13.6,82,7.0,SSW,2,1027.3
25-05-2024,8.7,17.1,0.0,0.4,6.7,NNE,13.0,08:30,12.1,91,7,N,6,1028.5,14.7,72,1.0,SSW,6,1025.8
26-05-2024,5.2,16.7,0.0,1.4,9.6,NNE,15.0,06:19,6.3,100,0,NNE,9,1027.1,16.3,55,1.0,S,6,1024.2
27-05-2024,5.2,20.2,0.0,1.2,9.5,NNE,17.0,09:10,7.6,85,0,NNE,11,1026.6,19.5,37,0.0,NNW,9,1024.3
28-05-2024,7.4,20.0,0.0,2.8,9.4,NNE,26.0,12:36,10.1,72,0,NE,9,1027.6,19.5,45,0.0,NNE,15,1025.2
29-05-2024,7.9,19.5,0.0,4.0,9.0,N,54.0,13:37,12.9,57,1,N,13,1024.8,19.1,44,2.0,N,26,1020.8
30-05-2024,12.9,20.4,0.0,6.6,0.2,N,65.0,09:48,17.4,60,7,N,20,1015.3,20.0,52,8.0,N,24,1009.7
31-05-2024,14.2,18.4,3.6,4.0,8.5,NNW,43.0,11:17,14.8,60,1,N,17,1012.1,17.9,38,7.0,WNW,13,1013.1
01-06-2024,7.3,14.0,0.0,3.0,3.0,S,26.0,15:11,10.2,76,2,NNE,2,1025.9,13.5,69,6.0,SSW,13,1025.2
02-06-2024,5.4,13.9,0.2,0.2,0.9,S,35.0,11:02,8.9,97,7, ,Calm,1027.0,13.3,59,6.0,S,9,1024.1
03-06-2024,8.2,14.6,0.8,1.6,1.6,S,24.0,13:15,9.6,89,7,SW,6,1016.5,13.4,64,5.0,SSW,11,1012.9
04-06-2024,7.2,13.8,0.0,1.0,0.2,NW,20.0,02:04,11.1,65,7,NNW,13,1018.0,12.8,60,7.0,S,6,1016.9
05-06-2024,8.6,14.7,0.0,1.0,2.1,S,24.0,15:18,10.5,84,7,NNE,2,1022.5,14.4,63,7.0,SSW,7,1022.8
06-06-2024,8.9,17.1,0.0,1.4,4.5,SSE,31.0,12:56,11.4,84,7,S,2,1027.3,16.3,60,3.0,SSE,11,1025.2
07-06-2024,9.3,16.0,0.0,1.2,1.7,0,0.0,0,10.8,100,4,SSE,7,1025.0,15.1,72,0.0,S,13,1020.8
08-06-2024,7.8,14.3,0.2,1.0,0.1,S,17.0,12:13,11.2,100,7,SE,2,1018.0,12.9,95,7.0,SSW,9,1016.1
09-06-2024,11.1,14.6,0.4,0.2,0.1,NW,19.0,04:31,11.8,99,8,WSW,6,1018.5,13.7,67,7.0,SSW,6,1018.7
10-06-2024,5.5,15.6,0.8,1.0,7.0,N,54.0,23:50,7.3,99,2,NE,6,1024.1,15.1,43,7.0,N,15,1020.2
11-06-2024,7.2,16.8,2.8,3.0,2.6,N,61.0,07:15,12.2,79,8,N,28,1011.6,15.7,64,4.0,NNW,15,1007.1
12-06-2024,9.6,12.9,5.6,2.4,3.4,W,37.0,04:58,10.9,74,4,SW,11,1016.2,12.6,52,7.0,SSW,11,1019.5
13-06-2024,8.3,10.1,0.8,1.0,0.0,W,17.0,09:39,9.3,86,7,WSW,7,1023.5,9.6,99,7.0, ,Calm,1022.0
14-06-2024,8.0,12.2,1.2,0.4,0.1,N,15.0,09:50,8.6,100,7,NNE,6,1020.9,12.1,70,7.0,SSE,4,1018.7
15-06-2024,4.1,14.4,0.0,0.6,4.1,ESE,33.0,11:48,6.3,100,7, ,Calm,1022.7,13.3,65,6.0,S,11,1021.2
16-06-2024,6.1,13.4,0.0,0.8,4.7,S,39.0,19:04,8.6,79,3,SW,7,1022.1,12.8,65,7.0,S,13,1021.3
17-06-2024,7.5,13.9,0.2,1.6,6.3,S,24.0,00:57,8.8,89,7, ,Calm,1022.6,13.4,62,2.0,SSW,11,1020.9
18-06-2024,3.6,13.0,0.0,1.8,6.1,SSW,17.0,15:15,5.5,86,5,NNE,7,1020.9,12.2,60,3.0,SSW,7,1018.1
19-06-2024,1.4,12.9,0.0,0.8,8.6,NNE,24.0,14:42,3.2,86,1,NNE,9,1018.6,12.2,48,4.0,N,11,1015.6
20-06-2024,3.1,13.9,0.0,1.6,0.7,SSE,17.0,20:49,7.1,73,7,NNE,7,1017.4,11.3,58,7.0,SSW,7,1016.1
21-06-2024,4.0,13.2,0.0,0.8,1.1,SSW,24.0,12:59,5.9,88,7, ,Calm,1023.0,12.7,62,7.0,SSW,13,1023.8
22-06-2024,5.1,13.3,0.2,1.0,5.1,SSW,20.0,12:17,7.1,100,3,NE,7,1031.0,12.2,72,7.0,SSW,9,1029.3
23-06-2024,2.2,15.0,0.0,1.4,8.6,N,24.0,14:39,2.9,100,1,NNE,9,1027.8,14.9,51,1.0,N,13,1022.8
24-06-2024,2.9,13.5,0.0,2.0,3.0,N,39.0,12:28,6.7,81,7,NNE,9,1018.6,12.5,57,6.0,NNE,15,1015.1
25-06-2024,6.7,16.8,0.0,1.8,6.1,N,43.0,01:55,10.3,75,7,N,9,1015.4,16.5,45,4.0,N,19,1013.7
26-06-2024,10.0,14.4,0.2,3.4,5.5,NNW,35.0,14:05,10.2,69,1,N,17,1014.9,13.7,50,4.0,NNW,17,1014.2
27-06-2024,9.3,16.6,0.2,1.6,8.1,NNW,28.0,10:57,11.2,77,1,NNW,9,1019.8,15.1,45,3.0,NNW,11,1019.3
28-06-2024,8.2,16.8,0.0,1.8,6.1,N,50.0,22:49,12.1,71,3,NNW,20,1022.3,15.6,54,7.0,N,26,1018.1
29-06-2024,12.0,12.9,0.0,5.2,0.0,N,50.0,00:32,12.8,51,7,N,19,1013.1,10.6,89,7.0,NW,7,1013.4
30-06-2024,7.0,12.2,7.0,2.0,4.0,SSE,35.0,12:45,7.6,87,6,SW,6,1021.0,10.7,77,7.0,SSW,11,1021.8
01-07-2024,6.8,12.0,4.4,0.4,5.4,S,19.0,12:45,7.5,97,7,NE,2,1028.4,11.6,61,3.0,SSW,7,1028.3
02-07-2024,3.8,12.4,0.0,0.2,7.1,SSW,22.0,15:23,5.7,90,7,NE,6,1034.4,11.5,51,4.0,SSW,11,1033.0
03-07-2024,1.0,11.7,0.0,1.2,8.9,SSW,17.0,15:58,2.8,84,0,NE,9,1037.9,10.6,67,1.0,WSW,9,1036.7
04-07-2024,1.3,11.9,0.0,0.6,2.9,NE,15.0,08:39,2.3,95,1,NE,11,1040.3,10.7,84,8.0,WSW,6,1037.9
05-07-2024,2.2,11.4,0.0,0.6,0.0,SSE,17.0,19:10,8.8,96,7, ,Calm,1041.1,11.0,87,8.0,SW,7,1039.9
06-07-2024,3.7,10.5,0.0,0.4,5.7,ESE,13.0,10:41,7.6,82,7,ENE,2,1041.5,9.9,72,1.0,S,7,1038.0
07-07-2024,3.4,16.9,0.0,0.6,7.2,NE,24.0,14:59,3.6,100,1,NE,9,1035.0,15.8,44,5.0,NE,17,1028.9
08-07-2024,3.5,16.6,0.0,1.6,0.3,NNE,41.0,13:15,9.4,77,7,NNE,4,1023.0,15.5,65,7.0,NNE,22,1017.4
09-07-2024,9.3,13.1,8.4,1.2,0.0,SSW,30.0,17:37,11.4,100,8,W,6,1020.2,12.3,100,8.0,SW,9,1020.3
10-07-2024,10.2,14.3,11.8,3.0,3.8,NNE,35.0,23:38,10.5,80,7,WNW,9,1021.9,12.9,63,1.0,N,9,1019.8
11-07-2024,9.7,13.6,0.0,1.6,0.3,N,52.0,16:23,12.1,69,7,NNE,17,1017.5,13.4,62,7.0,N,28,1013.0
12-07-2024,10.2,14.8,3.6,0.0,5.1,N,30.0,01:18,10.4,100,8,N,9,1015.4,14.6,65,1.0,SSW,2,1014.0
13-07-2024,7.9,13.7,0.8,1.2,5.2,SSW,24.0,14:18,10.4,93,1,W,7,1017.3,12.6,73,6.0,SSW,11,1016.1
14-07-2024,6.8,12.0,3.4,2.0,3.4,SSW,30.0,16:46,7.5,92,7,SW,9,1016.3,11.3,69,2.0,SW,11,1013.3
15-07-2024,7.3,12.1,1.2,0.4,0.7,WSW,41.0,11:37,9.0,80,4,WNW,13,1007.8,10.3,80,8.0,W,15,1004.1
16-07-2024,9.0,13.6,19.6,0.6,0.0,S,37.0,02:02,12.1,100,8,SSW,9,1005.8,13.0,88,8.0,SSW,9,1007.1
17-07-2024,8.6,14.0,0.2,0.6,1.2,SSW,33.0,18:57,10.3,100,8,SW,4,1012.4,12.3,85,7.0,SW,13,1011.6
18-07-2024,7.3,12.1,1.0,1.2,3.9,WSW,28.0,12:17,8.5,82,3,WSW,9,1017.1,11.0,63,6.0,SSW,6,1015.6
19-07-2024,7.7,12.1,0.0,1.6,0.1,N,57.0,20:16,9.5,66,7,N,20,1010.5,11.2,67,8.0,N,28,1005.3
20-07-2024,9.5,12.2,0.0,2.4,0.1,N,46.0,00:09,10.8,60,7,NW,20,997.5,11.7,85,7.0,W,15,1002.5
21-07-2024,7.9,16.6,4.0,2.8,4.6,NW,31.0,14:44,10.0,76,5,N,11,1018.2,14.3,62,7.0,N,17,1017.6
22-07-2024,9.9,17.1,0.6,0.8,5.1,NNW,41.0,12:19,12.3,81,3,N,17,1021.9,17.0,58,7.0,NNW,19,1021.2
23-07-2024,11.1,17.7,0.0,2.8,7.1,NNW,50.0,15:19,12.7,57,7,N,17,1023.9,17.0,46,7.0,N,19,1020.9
24-07-2024,11.0,15.8,0.2,4.3,1.1,N,56.0,15:45,11.6,56,7,N,19,1019.1,15.7,48,8.0,N,22,1013.8
25-07-2024,11.5,13.7,0.0,3.4,1.9,N,54.0,02:09,12.7,64,8,N,15,1010.3,12.5,77,7.0,N,9,1009.1
26-07-2024,7.7,14.5,3.2,1.6,8.7,NNW,54.0,15:14,9.8,74,1,N,19,1017.2,14.0,61,1.0,N,31,1015.9
27-07-2024,9.7,11.8,0.0,3.0,1.7,W,52.0,17:48,10.2,74,7,N,19,1016.4,9.1,86,7.0,SW,6,1016.5
28-07-2024,5.4,11.7,6.2,1.0,4.1,SSW,41.0,14:24,7.1,82,6,WSW,11,1024.0,11.2,57,7.0,SSW,13,1025.5
29-07-2024,7.0,11.7,2.8,1.2,0.3,W,17.0,01:10,8.1,100,8,WSW,4,1031.6,11.4,93,7.0, ,Calm,1031.3
30-07-2024,6.8,13.9,1.2,0.0,7.5,SSW,19.0,14:36,7.5,96,7,NE,11,1037.5,12.4,69,2.0,SSW,9,1035.9
31-07-2024,3.5,10.2,0.0,1.0,5.2,NE,13.0,04:31,5.0,100,8,NNE,7,1037.8,9.2,78,1.0,N,9,1036.0
01-08-2024,1.1,16.3,0.2,1.0,9.3,N,17.0,15:32,3.2,100,1,NNE,9,1035.4,16.0,45,1.0,N,9,1031.0
02-08-2024,3.1,15.7,0.0,2.2,7.0,NNW,44.0,10:39,6.8,80,1,NNE,9,1030.2,14.7,47,7.0,N,20,1026.4
03-08-2024,6.8,14.5,0.0,4.0,0.2,N,26.0,08:16,11.5,62,7,N,13,1028.3,13.5,57,7.0,S,7,1027.4
04-08-2024,3.2,15.3,0.0,1.4,7.2,NNE,15.0,07:30,5.2,92,7,NNE,7,1029.8,15.1,45,7.0,WSW,4,1026.0
05-08-2024,5.2,15.8,0.0,1.8,4.0,NNE,15.0,13:03,7.6,88,7,NNE,9,1024.8,15.1,48,4.0,SW,6,1021.9
06-08-2024,6.7,17.5,0.0,0.8,9.5,N,41.0,12:24,10.5,77,4,N,13,1023.9,17.3,38,4.0,WSW,11,1020.9
07-08-2024,8.2,17.9,0.0,3.6,8.1,N,35.0,15:53,10.8,74,7,N,13,1025.2,16.3,52,5.0,N,17,1023.7
08-08-2024,9.6,14.0,0.0,2.4,1.2,N,50.0,10:38,11.9,62,7,N,24,1023.7,13.4,60,7.0,N,22,1020.5
09-08-2024,10.6,18.1,0.0,2.4,8.1,N,26.0,00:41,12.5,71,1,N,9,1025.9,17.1,43,6.0,W,6,1024.8
10-08-2024,7.5,17.4,0.0,2.8,7.1,SSW,20.0,14:44,8.5,87,7,NNE,7,1029.7,15.7,62,5.0,SSW,13,1028.4
11-08-2024,5.9,19.8,0.0,1.4,9.9,NNE,19.0,13:16,8.7,86,1,N,9,1031.5,18.7,49,4.0,SW,7,1028.6
12-08-2024,6.6,20.7,0.0,3.0,10.1,N,43.0,11:19,11.3,74,1,NNE,9,1030.0,20.2,42,7.0,N,22,1026.2
13-08-2024,9.7,20.5,0.0,3.6,9.9,N,39.0,14:59,14.0,72,1,N,13,1026.4,20.0,54,3.0,N,20,1021.4
14-08-2024,12.4,21.9,0.0,3.4,6.7,NNW,37.0,16:57,16.5,71,7,N,17,1019.6,21.6,51,2.0,NNE,15,1016.1
15-08-2024,12.8,20.9,0.0,3.4,5.4,NNE,39.0,11:46,16.1,69,2,N,17,1017.8,19.4,55,7.0,NNE,17,1014.4
16-08-2024,12.1,16.6,0.0,4.0,1.0,NNW,43.0,09:43,16.1,77,7,N,19,1009.5,16.1,65,7.0,NNW,15,1006.6
17-08-2024,10.3,15.0,0.8,2.2,1.7,S,20.0,13:42,11.4,83,8,N,9,1006.3,14.6,60,7.0,SW,9,1007.4
18-08-2024,10.7,15.4,1.2,0.8,2.9,SSW,22.0,15:03,12.8,84,7,SSE,2,1017.7,15.1,73,7.0,SSW,9,1018.1
19-08-2024,6.2,18.6,0.2,2.6,8.9,N,33.0,13:43,8.0,100,7,NE,9,1023.7,17.8,58,1.0,N,19,1020.5
20-08-2024,7.8,17.9,0.4,2.6,3.6,NNW,50.0,11:04,16.5,65,7,N,13,1016.3,15.5,73,7.0,NNE,17,1009.5
21-08-2024,11.9,19.2,1.2,3.0,6.6,NW,30.0,11:10,14.9,67,3,NW,9,1013.0,18.0,51,5.0,NNW,15,1011.7
22-08-2024,11.3,18.9,4.0,2.2,9.2,NNW,31.0,11:28,13.9,71,1,NNW,13,1017.6,18.3,37,4.0,NW,9,1016.8
23-08-2024,10.8,18.9,0.0,2.6,1.9,N,48.0,22:34,13.8,71,7,N,17,1021.2,18.1,53,7.0,N,19,1016.4
24-08-2024,13.8,21.8,4.2,4.4,10.3,N,63.0,00:39,17.1,63,1,NNW,13,1010.9,21.2,49,1.0,NNW,20,1009.7
25-08-2024,12.0,23.5,0.0,4.6,3.8,WSW,61.0,18:21,14.6,71,7,NNE,9,1006.7,23.0,51,6.0,N,24,1001.5
26-08-2024,12.8,18.6,11.6,5.4,5.4,NNW,31.0,03:20,14.6,65,7,W,11,1015.4,18.2,47,7.0,W,11,1014.9
27-08-2024,12.4,20.2,0.0,4.6,1.3,NNW,63.0,16:00,14.7,67,7,NNE,17,1015.4,19.1,51,7.0,N,33,1006.5
28-08-2024,14.0,18.6,0.2,6.6,7.9,NW,57.0,09:32,15.3,45,1,WNW,15,1004.9,17.6,34,4.0,NW,24,1004.8
29-08-2024,11.1,17.6,0.8,6.6,3.7,N,65.0,23:47,12.4,67,7,NNW,15,1013.4,15.7,57,6.0,N,20,1007.8
30-08-2024,12.0,20.2,4.0,6.2,8.1,N,63.0,00:32,16.0,54,1,NW,11,998.6,18.7,33,6.0,NW,19,996.4
31-08-2024,13.0,18.5,0.0,5.4,5.9,NNW,67.0,17:45,15.5,49,6,NW,13,1001.8,17.0,48,5.0,NNW,31,1002.0
